data/FG/image_76.jpg,2
data/FG/image_44.jpg,2
data/FG/image_86.jpg,2
data/FG/image_6.jpg,2
data/FG/image_90.jpg,2
data/FG/image_38.jpg,2
data/FG/image_45.jpg,2
data/FG/image_42.jpg,2
data/FG/image_46.jpg,2
data/FG/image_66.jpg,2
data/FG/image_91.jpg,2
data/FG/image_17.jpg,2
data/FG/image_79.jpg,2
data/FG/image_9.jpg,2
data/FG/image_2.jpg,2
data/FG/image_100.jpg,2
data/FG/image_62.jpg,2
data/FG/image_61.jpg,2
data/FG/image_97.jpg,2
data/FG/image_96.jpg,2
data/FG/image_14.jpg,2
data/FG/image_95.jpg,2
data/FG/image_81.jpg,2
data/FG/image_67.jpg,2
data/FG/image_68.jpg,2
data/FG/image_71.jpg,2
data/FG/image_13.jpg,2
data/FG/image_22.jpg,2
data/FG/image_54.jpg,2
data/FG/image_104.jpg,2
data/FG/image_47.jpg,2
data/FG/image_4.jpg,2
data/FG/image_110.jpg,2
data/FG/image_117.jpg,2
data/FG/image_35.jpg,2
data/FG/image_105.jpg,2
data/FG/image_75.jpg,2
data/FG/image_102.jpg,2
data/FG/image_89.jpg,2
data/FG/image_41.jpg,2
data/FG/image_40.jpg,2
data/FG/image_16.jpg,2
data/FG/image_93.jpg,2
data/FG/image_108.jpg,2
data/FG/image_74.jpg,2
data/FG/image_87.jpg,2
data/FG/image_112.jpg,2
data/FG/image_26.jpg,2
data/FG/image_29.jpg,2
data/FG/image_106.jpg,2
data/FG/image_15.jpg,2
data/FG/image_109.jpg,2
data/FG/image_18.jpg,2
data/FG/image_83.jpg,2
data/FG/image_33.jpg,2
data/FG/image_85.jpg,2
data/FG/image_72.jpg,2
data/FG/image_69.jpg,2
data/FG/image_52.jpg,2
data/FG/image_125.jpg,2
data/FG/image_103.jpg,2
data/FG/image_23.jpg,2
data/FG/image_124.jpg,2
data/FG/image_49.jpg,2
data/FG/image_78.jpg,2
data/FG/image_24.jpg,2
data/FG/image_5.jpg,2
data/FG/image_65.jpg,2
data/FG/image_63.jpg,2
data/FG/image_30.jpg,2
data/FG/image_77.jpg,2
data/FG/image_70.jpg,2
data/FG/image_122.jpg,2
data/FG/image_118.jpg,2
data/FG/image_39.jpg,2
data/FG/image_19.jpg,2
data/FG/image_114.jpg,2
data/FG/image_56.jpg,2
data/FG/image_43.jpg,2
data/FG/image_121.jpg,2
data/FG/image_12.jpg,2
data/FG/image_119.jpg,2
data/FG/image_8.jpg,2
data/FG/image_58.jpg,2
data/FG/image_84.jpg,2
data/FG/image_82.jpg,2
data/FG/image_21.jpg,2
data/FG/image_113.jpg,2
data/FG/image_59.jpg,2
data/FG/image_60.jpg,2
data/FG/image_88.jpg,2
data/FG/image_27.jpg,2
data/FG/image_73.jpg,2
data/FG/image_10.jpg,2
data/FG/image_57.jpg,2
data/FG/image_31.jpg,2
data/FG/image_37.jpg,2
data/FG/image_94.jpg,2
data/FG/image_36.jpg,2
data/FG/image_101.jpg,2
data/FG/image_34.jpg,2
data/FG/image_20.jpg,2
data/FG/image_48.jpg,2
data/FG/image_32.jpg,2
data/FG/image_25.jpg,2
data/FG/image_55.jpg,2
data/FG/image_3.jpg,2
data/FG/image_116.jpg,2
data/FG/image_50.jpg,2
data/FG/image_120.jpg,2
data/FG/image_53.jpg,2
data/FG/image_92.jpg,2
data/FG/image_99.jpg,2
data/FG/image_1.jpg,2
data/FG/image_7.jpg,2
data/FG/image_28.jpg,2
data/FG/image_115.jpg,2
data/FG/image_51.jpg,2
data/FG/image_111.jpg,2
data/FG/image_64.jpg,2
data/FG/image_80.jpg,2
data/FG/image_98.jpg,2
data/FG/image_123.jpg,2
data/FG/image_107.jpg,2
data/FG/image_11.jpg,2
data/P/image_76.jpg,3
data/P/image_44.jpg,3
data/P/image_86.jpg,3
data/P/image_6.jpg,3
data/P/image_38.jpg,3
data/P/image_45.jpg,3
data/P/image_42.jpg,3
data/P/image_46.jpg,3
data/P/image_66.jpg,3
data/P/image_17.jpg,3
data/P/image_79.jpg,3
data/P/image_9.jpg,3
data/P/image_2.jpg,3
data/P/image_62.jpg,3
data/P/image_61.jpg,3
data/P/image_14.jpg,3
data/P/image_81.jpg,3
data/P/image_67.jpg,3
data/P/image_68.jpg,3
data/P/image_71.jpg,3
data/P/image_13.jpg,3
data/P/image_22.jpg,3
data/P/image_54.jpg,3
data/P/image_47.jpg,3
data/P/image_4.jpg,3
data/P/image_35.jpg,3
data/P/image_75.jpg,3
data/P/image_41.jpg,3
data/P/image_40.jpg,3
data/P/image_16.jpg,3
data/P/image_74.jpg,3
data/P/image_26.jpg,3
data/P/image_29.jpg,3
data/P/image_15.jpg,3
data/P/image_18.jpg,3
data/P/image_83.jpg,3
data/P/image_33.jpg,3
data/P/image_85.jpg,3
data/P/image_72.jpg,3
data/P/image_69.jpg,3
data/P/image_52.jpg,3
data/P/image_23.jpg,3
data/P/image_49.jpg,3
data/P/image_78.jpg,3
data/P/image_24.jpg,3
data/P/image_5.jpg,3
data/P/image_65.jpg,3
data/P/image_63.jpg,3
data/P/image_30.jpg,3
data/P/image_77.jpg,3
data/P/image_70.jpg,3
data/P/image_39.jpg,3
data/P/image_19.jpg,3
data/P/image_56.jpg,3
data/P/image_43.jpg,3
data/P/image_12.jpg,3
data/P/image_8.jpg,3
data/P/image_58.jpg,3
data/P/image_84.jpg,3
data/P/image_82.jpg,3
data/P/image_21.jpg,3
data/P/image_59.jpg,3
data/P/image_60.jpg,3
data/P/image_27.jpg,3
data/P/image_73.jpg,3
data/P/image_10.jpg,3
data/P/image_57.jpg,3
data/P/image_31.jpg,3
data/P/image_37.jpg,3
data/P/image_36.jpg,3
data/P/image_34.jpg,3
data/P/image_20.jpg,3
data/P/image_48.jpg,3
data/P/image_32.jpg,3
data/P/image_25.jpg,3
data/P/image_55.jpg,3
data/P/image_3.jpg,3
data/P/image_50.jpg,3
data/P/image_53.jpg,3
data/P/image_1.jpg,3
data/P/image_7.jpg,3
data/P/image_28.jpg,3
data/P/image_51.jpg,3
data/P/image_64.jpg,3
data/P/image_80.jpg,3
data/P/image_11.jpg,3
data/S/image_6.jpg,4
data/S/image_17.jpg,4
data/S/image_9.jpg,4
data/S/image_2.jpg,4
data/S/image_14.jpg,4
data/S/image_13.jpg,4
data/S/image_22.jpg,4
data/S/image_4.jpg,4
data/S/image_16.jpg,4
data/S/image_26.jpg,4
data/S/image_29.jpg,4
data/S/image_15.jpg,4
data/S/image_18.jpg,4
data/S/image_33.jpg,4
data/S/image_23.jpg,4
data/S/image_24.jpg,4
data/S/image_5.jpg,4
data/S/image_30.jpg,4
data/S/image_19.jpg,4
data/S/image_12.jpg,4
data/S/image_8.jpg,4
data/S/image_21.jpg,4
data/S/image_27.jpg,4
data/S/image_10.jpg,4
data/S/image_31.jpg,4
data/S/image_34.jpg,4
data/S/image_20.jpg,4
data/S/image_32.jpg,4
data/S/image_25.jpg,4
data/S/image_3.jpg,4
data/S/image_1.jpg,4
data/S/image_7.jpg,4
data/S/image_28.jpg,4
data/S/image_11.jpg,4
data/BG/image_76.jpg,0
data/BG/image_44.jpg,0
data/BG/image_86.jpg,0
data/BG/image_6.jpg,0
data/BG/image_90.jpg,0
data/BG/image_38.jpg,0
data/BG/image_45.jpg,0
data/BG/image_42.jpg,0
data/BG/image_46.jpg,0
data/BG/image_66.jpg,0
data/BG/image_91.jpg,0
data/BG/image_17.jpg,0
data/BG/image_79.jpg,0
data/BG/image_9.jpg,0
data/BG/image_2.jpg,0
data/BG/image_100.jpg,0
data/BG/image_62.jpg,0
data/BG/image_61.jpg,0
data/BG/image_97.jpg,0
data/BG/image_96.jpg,0
data/BG/image_14.jpg,0
data/BG/image_95.jpg,0
data/BG/image_81.jpg,0
data/BG/image_67.jpg,0
data/BG/image_68.jpg,0
data/BG/image_71.jpg,0
data/BG/image_13.jpg,0
data/BG/image_22.jpg,0
data/BG/image_54.jpg,0
data/BG/image_104.jpg,0
data/BG/image_47.jpg,0
data/BG/image_4.jpg,0
data/BG/image_110.jpg,0
data/BG/image_35.jpg,0
data/BG/image_105.jpg,0
data/BG/image_75.jpg,0
data/BG/image_102.jpg,0
data/BG/image_89.jpg,0
data/BG/image_41.jpg,0
data/BG/image_40.jpg,0
data/BG/image_16.jpg,0
data/BG/image_93.jpg,0
data/BG/image_108.jpg,0
data/BG/image_74.jpg,0
data/BG/image_87.jpg,0
data/BG/image_112.jpg,0
data/BG/image_26.jpg,0
data/BG/image_29.jpg,0
data/BG/image_106.jpg,0
data/BG/image_15.jpg,0
data/BG/image_109.jpg,0
data/BG/image_18.jpg,0
data/BG/image_83.jpg,0
data/BG/image_33.jpg,0
data/BG/image_85.jpg,0
data/BG/image_72.jpg,0
data/BG/image_69.jpg,0
data/BG/image_52.jpg,0
data/BG/image_103.jpg,0
data/BG/image_23.jpg,0
data/BG/image_49.jpg,0
data/BG/image_78.jpg,0
data/BG/image_24.jpg,0
data/BG/image_5.jpg,0
data/BG/image_65.jpg,0
data/BG/image_63.jpg,0
data/BG/image_30.jpg,0
data/BG/image_77.jpg,0
data/BG/image_70.jpg,0
data/BG/image_39.jpg,0
data/BG/image_19.jpg,0
data/BG/image_56.jpg,0
data/BG/image_43.jpg,0
data/BG/image_12.jpg,0
data/BG/image_8.jpg,0
data/BG/image_58.jpg,0
data/BG/image_84.jpg,0
data/BG/image_82.jpg,0
data/BG/image_21.jpg,0
data/BG/image_59.jpg,0
data/BG/image_60.jpg,0
data/BG/image_88.jpg,0
data/BG/image_27.jpg,0
data/BG/image_73.jpg,0
data/BG/image_10.jpg,0
data/BG/image_57.jpg,0
data/BG/image_31.jpg,0
data/BG/image_37.jpg,0
data/BG/image_94.jpg,0
data/BG/image_36.jpg,0
data/BG/image_101.jpg,0
data/BG/image_34.jpg,0
data/BG/image_20.jpg,0
data/BG/image_48.jpg,0
data/BG/image_32.jpg,0
data/BG/image_25.jpg,0
data/BG/image_55.jpg,0
data/BG/image_3.jpg,0
data/BG/image_50.jpg,0
data/BG/image_53.jpg,0
data/BG/image_92.jpg,0
data/BG/image_99.jpg,0
data/BG/image_1.jpg,0
data/BG/image_7.jpg,0
data/BG/image_28.jpg,0
data/BG/image_51.jpg,0
data/BG/image_111.jpg,0
data/BG/image_64.jpg,0
data/BG/image_80.jpg,0
data/BG/image_98.jpg,0
data/BG/image_107.jpg,0
data/BG/image_11.jpg,0
data/FB/image_44.jpg,1
data/FB/image_6.jpg,1
data/FB/image_38.jpg,1
data/FB/image_45.jpg,1
data/FB/image_42.jpg,1
data/FB/image_46.jpg,1
data/FB/image_17.jpg,1
data/FB/image_9.jpg,1
data/FB/image_2.jpg,1
data/FB/image_14.jpg,1
data/FB/image_13.jpg,1
data/FB/image_22.jpg,1
data/FB/image_54.jpg,1
data/FB/image_47.jpg,1
data/FB/image_4.jpg,1
data/FB/image_35.jpg,1
data/FB/image_41.jpg,1
data/FB/image_40.jpg,1
data/FB/image_16.jpg,1
data/FB/image_26.jpg,1
data/FB/image_29.jpg,1
data/FB/image_15.jpg,1
data/FB/image_18.jpg,1
data/FB/image_33.jpg,1
data/FB/image_52.jpg,1
data/FB/image_23.jpg,1
data/FB/image_49.jpg,1
data/FB/image_24.jpg,1
data/FB/image_5.jpg,1
data/FB/image_30.jpg,1
data/FB/image_39.jpg,1
data/FB/image_19.jpg,1
data/FB/image_56.jpg,1
data/FB/image_43.jpg,1
data/FB/image_12.jpg,1
data/FB/image_8.jpg,1
data/FB/image_58.jpg,1
data/FB/image_21.jpg,1
data/FB/image_27.jpg,1
data/FB/image_10.jpg,1
data/FB/image_57.jpg,1
data/FB/image_31.jpg,1
data/FB/image_37.jpg,1
data/FB/image_36.jpg,1
data/FB/image_34.jpg,1
data/FB/image_20.jpg,1
data/FB/image_48.jpg,1
data/FB/image_32.jpg,1
data/FB/image_25.jpg,1
data/FB/image_55.jpg,1
data/FB/image_3.jpg,1
data/FB/image_50.jpg,1
data/FB/image_53.jpg,1
data/FB/image_1.jpg,1
data/FB/image_7.jpg,1
data/FB/image_28.jpg,1
data/FB/image_51.jpg,1
data/FB/image_11.jpg,1
